code;2022
SK0101528595;4867.56
SK0102529311;552.51
SK0102529320;2049
SK0102529338;1989.28
SK0103529346;1194.11
SK0103529354;1099.21
SK0103529362;448.31
SK0104529371;706.71
SK0104529389;4149.86
SK0104529397;3218.76
SK0104529401;141.92
SK0104529419;1188.18
SK0104529427;219.6
SK0105529435;91.78
SK0105529443;135.01
SK0105529460;3950.33
SK0105529494;173.53
SK0106500267;0.5
SK0106504556;78.57
SK0106504629;33.91
SK0106504637;27.57
SK0106504769;130.41
SK0106504858;43.99
SK0106504874;108.21
SK0106504947;141.13
SK0106504980;109.32
SK0106507831;56.61
SK0106507890;62.13
SK0106507954;106.69
SK0106507962;84.64
SK0106508012;123.71
SK0106508021;39.59
SK0106508039;76.58
SK0106508055;70.56
SK0106508063;694.12
SK0106508080;708.55
SK0106508161;33.21
SK0106508195;105.91
SK0106508233;187.6
SK0106508241;44.5
SK0106508349;67.08
SK0106508365;142.61
SK0106508381;171.04
SK0107507806;176.41
SK0107507849;83.1
SK0107507857;67.75
SK0107507873;47.79
SK0107507881;84.06
SK0107507946;116.39
SK0107507989;149.12
SK0107508047;154.18
SK0107508101;187.63
SK0107508179;339.87
SK0107508187;745.31
SK0107508225;554.41
SK0107508250;213.22
SK0107508268;58.32
SK0107508306;287.07
SK0107508314;295.08
SK0107508322;69.25
SK0108503681;113.89
SK0108503797;260.93
SK0108503801;172.39
SK0108503819;116.02
SK0108503851;101.58
SK0108503894;116.19
SK0108503983;171.25
SK0108507814;328.9
SK0108507822;111.38
SK0108507865;93.22
SK0108507903;250.47
SK0108507911;479.72
SK0108507938;499.79
SK0108507997;115.47
SK0108508071;460.91
SK0108508098;491.84
SK0108508110;218.88
SK0108508136;329.17
SK0108508209;635.54
SK0108508217;519.81
SK0108508276;139.04
SK0108508284;233.65
SK0108508292;298.41
SK0108508331;116.23
SK0108545333;291.9
SK0108555487;69.43
SK0108555495;170.35
SK0108555509;382.98
SK0108582549;12.2
SK0211501433;729.73
SK0211501441;142.62
SK0211501450;56.76
SK0211501468;45.54
SK0211501484;33.49
SK0211501492;90.37
SK0211501506;42.99
SK0211501514;56.27
SK0211501522;149.86
SK0211501531;53.78
SK0211501549;108.42
SK0211501557;111.71
SK0211501573;100.31
SK0211501581;92.87
SK0211501590;75.64
SK0211501603;108.24
SK0211501611;63.57
SK0211501620;119.41
SK0211501638;277.48
SK0211501654;103.88
SK0211501662;82.51
SK0211501671;44.95
SK0211501689;27.62
SK0211501697;103.7
SK0211501701;83.89
SK0211501719;135.08
SK0211501727;230.25
SK0211501735;122.68
SK0211501743;44.46
SK0211501760;50.63
SK0211501778;71.54
SK0211501786;100.02
SK0211501808;102.74
SK0211501816;92.27
SK0211501824;58.24
SK0211501832;65.51
SK0211501859;81.26
SK0211501867;53.02
SK0211501875;40.54
SK0211501883;85.73
SK0211501891;68.44
SK0211501905;306.34
SK0211501913;130.49
SK0211501921;90.54
SK0211501930;61.21
SK0211501956;65.92
SK0211501964;92.33
SK0211501972;54.89
SK0211501981;87.85
SK0211501999;54.01
SK0211502006;74.59
SK0211502014;113.25
SK0211502022;300.26
SK0211503461;11.49
SK0211555517;49.64
SK0211555541;176.99
SK0211555568;74.17
SK0211555576;89
SK0211555606;165.41
SK0211555649;73.95
SK0211555665;171.88
SK0211555673;170.83
SK0211555720;160.62
SK0211555746;62.92
SK0211580554;95.38
SK0211580597;63.87
SK0211582522;57.54
SK0212503665;447.86
SK0212503673;71.55
SK0212503690;116.91
SK0212503703;91.39
SK0212503746;108.19
SK0212503754;24.71
SK0212503762;143.59
SK0212503771;91.38
SK0212503789;97.1
SK0212503827;139.53
SK0212503835;123.03
SK0212503843;112.52
SK0212503860;124.95
SK0212503878;44.03
SK0212503924;61.93
SK0212503959;185.02
SK0212503967;74.46
SK0212503975;74.63
SK0212504009;505.45
SK0212504017;185.69
SK0212504033;97.74
SK0212504041;149.64
SK0212504050;130.89
SK0212504076;83.11
SK0212504084;78.24
SK0212504106;191.13
SK0212504114;129.29
SK0212504122;174.67
SK0212504131;115.1
SK0212504149;61.52
SK0212504157;156.84
SK0212504173;86.36
SK0212504181;105.92
SK0212555754;190.13
SK0212555789;126.56
SK0212582638;74.61
SK0213506800;153.98
SK0213506885;170.14
SK0213506958;42.45
SK0213506966;59.36
SK0213507024;78.95
SK0213507032;313.66
SK0213507075;97.37
SK0213507130;52.09
SK0213507172;113.11
SK0213507202;138.98
SK0213507253;697.94
SK0213507288;191.86
SK0213507326;88.21
SK0213507415;63.57
SK0213507521;68.48
SK0213507539;88.21
SK0213507661;134.63
SK0213507792;82.25
SK0213518620;78.05
SK0213556521;218.64
SK0213556530;164.04
SK0213556602;77.08
SK0213556611;47.54
SK0213556645;54.71
SK0214506834;106.31
SK0214506982;42.58
SK0214506991;108.36
SK0214507008;94.25
SK0214507121;76.9
SK0214507199;38.95
SK0214507229;147.01
SK0214507342;228.13
SK0214507369;67.48
SK0214507385;129.35
SK0214507431;65.91
SK0214507440;614.96
SK0214507466;29.32
SK0214507482;89.34
SK0214507491;129.33
SK0214507563;212.12
SK0214507679;176.81
SK0214507709;114.63
SK0214507725;89.11
SK0214507750;405.79
SK0214556548;42.87
SK0214556572;271.01
SK0214556581;19.28
SK0214558338;175.16
SK0214558354;82.46
SK0214558397;35.72
SK0214581399;250.21
SK0215504203;388.25
SK0215504211;47.13
SK0215504220;40.35
SK0215504238;79.5
SK0215504297;49.42
SK0215504319;86.01
SK0215504327;42.29
SK0215504335;64.95
SK0215504360;50.27
SK0215504386;26.34
SK0215504416;70.88
SK0215504475;51.58
SK0215504491;41.38
SK0215504513;147.84
SK0215504521;30.55
SK0215504572;55.04
SK0215504602;53.29
SK0215504645;41
SK0215504653;44.28
SK0215504700;29.99
SK0215504726;63.88
SK0215504777;42
SK0215504823;58.02
SK0215504831;122.74
SK0215504840;45.3
SK0215504882;69.68
SK0215504891;116.69
SK0215504904;73.52
SK0215556114;73.98
SK0215556122;84.94
SK0215556131;71.65
SK0216504271;114.9
SK0216504343;72.88
SK0216504351;81.78
SK0216504378;318.38
SK0216504394;21.19
SK0216504432;145.42
SK0216504459;116.79
SK0216504483;16.25
SK0216504530;75.41
SK0216504548;63.29
SK0216504564;105.3
SK0216504599;106.41
SK0216504611;73.18
SK0216504670;90.65
SK0216504718;116.28
SK0216504734;39.64
SK0216504742;66.15
SK0216504815;258.07
SK0216504912;114.52
SK0216504939;52.72
SK0216504963;196.41
SK0217506745;880.65
SK0217506788;84.04
SK0217506796;130.91
SK0217506818;92.36
SK0217506826;78.49
SK0217506842;158.2
SK0217506851;144.06
SK0217506869;27.01
SK0217506877;156.16
SK0217506893;90.09
SK0217506915;24.15
SK0217506923;99.63
SK0217506931;75.17
SK0217506940;78.37
SK0217507041;56.63
SK0217507059;49.6
SK0217507067;90.66
SK0217507156;118.24
SK0217507164;98.02
SK0217507211;86.87
SK0217507296;121.53
SK0217507318;104.91
SK0217507351;19.82
SK0217507512;117.23
SK0217507555;112.23
SK0217507571;158.37
SK0217507601;150.27
SK0217507636;111.83
SK0217507687;52.89
SK0217507741;119.39
SK0217507768;175.19
SK0217507776;224.29
SK0217556483;170.44
SK0217556491;278.05
SK0217556513;106.35
SK0217556556;70.88
SK0217556564;65.31
SK0217556599;36.46
SK0217556653;55.08
SK0217556661;139.8
SK0217556670;89.67
SK0217556688;25.62
SK0217580473;1034.38
SK0217581020;137.47
SK0217581488;120.03
SK0221505056;20.93
SK0221505072;51.15
SK0221505102;58.99
SK0221505153;33.37
SK0221505200;63.49
SK0221505277;3.13
SK0221505331;80.44
SK0221505358;68.43
SK0221505382;59.03
SK0221505412;83.71
SK0221505447;152.31
SK0221505455;138.3
SK0221505471;39.56
SK0221505480;20.87
SK0221505544;12.85
SK0221505552;51.14
SK0221505579;46.67
SK0221505595;3.06
SK0221505625;66.24
SK0221505633;3.31
SK0221505684;65.99
SK0221505692;96.97
SK0221505765;25.46
SK0221505790;13.55
SK0221505811;24.99
SK0221542652;632
SK0221542741;80.38
SK0221542776;29.32
SK0221542806;7.23
SK0221542822;82.04
SK0221542849;129.51
SK0221542857;15.41
SK0221542873;182.65
SK0221542890;76.65
SK0221542920;60.65
SK0221543080;47.47
SK0221543136;11.74
SK0221545651;52.07
SK0221556289;83.12
SK0221556360;54.49
SK0221556408;62.04
SK0221556742;62
SK0221556793;86.17
SK0222512885;103.71
SK0222512931;19.82
SK0222513016;450.86
SK0222513024;163.78
SK0222513091;80.6
SK0222513156;229.59
SK0222513253;145.88
SK0222513296;158.47
SK0222513351;28.46
SK0222513385;122.24
SK0222513440;937.6
SK0222513598;178.55
SK0222513725;150.88
SK0222513865;10.51
SK0222557391;178.59
SK0222557404;109.01
SK0222557412;71.02
SK0222557421;108.13
SK0222557617;20.67
SK0222557625;16.49
SK0222582301;109.58
SK0223504254;56.22
SK0223504262;114.56
SK0223504289;27.25
SK0223504408;20.56
SK0223504424;37.02
SK0223504467;36.22
SK0223504581;221.95
SK0223504661;42.59
SK0223504688;87.78
SK0223504696;25.93
SK0223504793;88.69
SK0223504866;42.33
SK0223504971;27.35
SK0223506079;60.54
SK0223506141;60.74
SK0223506150;49.32
SK0223506419;29.4
SK0224505846;50.96
SK0224505871;68.76
SK0224505889;103.85
SK0224505897;60.43
SK0224505901;112.18
SK0224505919;221.43
SK0224505951;112.77
SK0224505994;42.8
SK0224506001;142.98
SK0224506052;31.16
SK0224506061;71.49
SK0224506109;38.35
SK0224506125;111.3
SK0224506184;49.13
SK0224506206;40.73
SK0224506249;40.56
SK0224506257;64.72
SK0224506265;68.99
SK0224506303;30.53
SK0224506311;10.98
SK0224506338;596.09
SK0224506346;96.52
SK0224506401;133.11
SK0224506427;110.27
SK0224506435;173.68
SK0224506443;141.46
SK0224506516;10.45
SK0224506524;167.36
SK0224506583;148.17
SK0224506630;64.24
SK0224506672;31.25
SK0224556424;20.44
SK0224556441;93.06
SK0224556459;45.82
SK0225505129;82.96
SK0225505170;107.42
SK0225505196;88.5
SK0225505307;69.16
SK0225505315;943.13
SK0225505323;164.41
SK0225505463;86.36
SK0225505706;44.26
SK0225505722;72.03
SK0225505731;20.41
SK0225505803;245.96
SK0225542733;279.14
SK0225542962;122.64
SK0225543004;259.77
SK0225543047;45.54
SK0225543055;41.31
SK0225556173;36.45
SK0225556190;55.55
SK0225556246;145.24
SK0225556271;36.42
SK0225556416;47.24
SK0225580449;48.19
SK0225580953;137.85
SK0226512842;418.7
SK0226512915;171.33
SK0226512966;64.32
SK0226513008;62.58
SK0226513083;12.07
SK0226513172;167.91
SK0226513245;64.86
SK0226513466;42.93
SK0226513474;127.31
SK0226513563;87.57
SK0226513601;51.3
SK0226513687;90.84
SK0226513741;99.94
SK0226513784;49.62
SK0226513822;88.36
SK0226518913;219.12
SK0226546640;49.98
SK0226557480;63.99
SK0226557510;116.2
SK0226557552;64.16
SK0226557561;40.61
SK0226557579;32.21
SK0226557595;20.25
SK0226557609;30.94
SK0226557633;64.95
SK0226558222;62.19
SK0226580856;92.61
SK0226580864;18.35
SK0227513881;1021.76
SK0227513903;251.42
SK0227513911;47.29
SK0227513920;72.97
SK0227513938;32.5
SK0227513946;91.39
SK0227513954;133.07
SK0227513962;89.53
SK0227513971;23.67
SK0227513989;176.24
SK0227513997;185.77
SK0227514004;57.62
SK0227514012;61.88
SK0227514021;112.99
SK0227514039;25.22
SK0227514063;68.96
SK0227514071;494.47
SK0227514080;21.73
SK0227514098;127.09
SK0227514101;138.58
SK0227514110;74.6
SK0227514128;177.76
SK0227514136;134.88
SK0227514144;71.61
SK0227514179;46.55
SK0227514187;76.48
SK0227514209;86.62
SK0227514217;25.29
SK0227514225;100.31
SK0227514233;131.23
SK0227514241;66.17
SK0227514250;48.41
SK0227514268;214.41
SK0227514284;167.23
SK0227514292;94.34
SK0227514306;23.12
SK0227514314;246.69
SK0227514322;90.75
SK0227514331;120.43
SK0227514349;49.19
SK0227514357;70.68
SK0227514365;60.41
SK0227514373;202.44
SK0227514381;52.05
SK0227514390;63.17
SK0227514403;47.38
SK0227514411;25.15
SK0227514420;30.53
SK0227514438;68.46
SK0227514454;135.37
SK0227557706;105.89
SK0227557714;94.48
SK0228500348;32.65
SK0228512851;120.47
SK0228512940;65.53
SK0228512958;124.99
SK0228513121;161.77
SK0228513300;24.45
SK0228513318;40.88
SK0228513326;364.1
SK0228513334;117.7
SK0228513342;60.91
SK0228513377;93.67
SK0228513407;39.39
SK0228513610;415.81
SK0228513776;101.43
SK0228513814;74.06
SK0228557439;193.24
SK0228557447;100.05
SK0228557471;134.95
SK0228557498;20.46
SK0228557501;86.91
SK0228557692;40.97
SK0229505820;662.01
SK0229505838;90.35
SK0229505854;45.62
SK0229505935;34.53
SK0229505943;116.59
SK0229505960;61.68
SK0229505978;49.92
SK0229506010;61.02
SK0229506028;63.22
SK0229506036;98.67
SK0229506044;100.59
SK0229506087;60.11
SK0229506095;69.44
SK0229506133;184.92
SK0229506168;43.99
SK0229506231;73.84
SK0229506273;44.62
SK0229506281;188.51
SK0229506290;55.1
SK0229506354;76.91
SK0229506371;148.21
SK0229506478;40.6
SK0229506508;138.53
SK0229506532;187.74
SK0229506541;114.36
SK0229506559;277.21
SK0229506567;206.63
SK0229506591;106.05
SK0229506605;63.35
SK0229506613;379.59
SK0229506648;64.04
SK0229506656;145.46
SK0229545686;77.91
SK0229545741;139.65
SK0229546682;138.36
SK0229556475;299.75
SK0229581348;24.48
SK0231501026;314.68
SK0231501034;33.9
SK0231501042;61.09
SK0231501069;65.21
SK0231501077;35.68
SK0231501085;47.59
SK0231501093;41.32
SK0231501107;33.56
SK0231501115;78.92
SK0231501123;131.74
SK0231501140;122.53
SK0231501158;67.71
SK0231501166;89.8
SK0231501174;64.31
SK0231501182;55.08
SK0231501191;36.56
SK0231501204;98.23
SK0231501212;45.15
SK0231501221;13.57
SK0231501239;105.86
SK0231501247;35.15
SK0231501255;63.82
SK0231501263;47.77
SK0231501271;31.2
SK0231501280;86.62
SK0231501301;48.78
SK0231501310;47.41
SK0231501328;62.74
SK0231501336;44.89
SK0231501344;62.43
SK0231501352;58.89
SK0231501361;75.06
SK0231501379;36.18
SK0231501387;38.89
SK0231501395;71.67
SK0231501409;24.41
SK0231501417;82.01
SK0231501425;68.48
SK0231555819;35.03
SK0231555827;69.68
SK0231580911;46.44
SK0232502031;512.5
SK0232502049;57.51
SK0232502057;37.66
SK0232502065;87.27
SK0232502073;18.97
SK0232502090;36.49
SK0232502103;22
SK0232502111;39.85
SK0232502120;80.77
SK0232502154;42.81
SK0232502162;13.54
SK0232502171;63.1
SK0232502189;45.53
SK0232502197;64.41
SK0232502201;17.62
SK0232502219;29.92
SK0232502227;40.77
SK0232502243;34.44
SK0232502251;25.43
SK0232502260;68.16
SK0232502278;63.38
SK0232502286;43.34
SK0232502294;42.49
SK0232502324;47.64
SK0232502332;177.44
SK0232502341;105.81
SK0232502359;40.67
SK0232502367;17.22
SK0232502375;45.01
SK0232502383;6.05
SK0232502391;65.11
SK0232502413;60.82
SK0232502421;95.55
SK0232502430;47.31
SK0232502448;21.14
SK0232502456;51.37
SK0232502464;42.91
SK0232502472;29.47
SK0232502481;61.52
SK0232502499;43.5
SK0232502502;19.85
SK0232502511;29.54
SK0232502537;25.21
SK0232502570;56.2
SK0232502588;49.61
SK0232502596;30.89
SK0232502600;38.4
SK0232502618;22.54
SK0232502626;38.69
SK0232502634;15.85
SK0232502642;29.42
SK0232502651;32.62
SK0232502669;88.24
SK0232502677;133.49
SK0232502693;67.68
SK0232502707;56.81
SK0232502715;36.8
SK0232502723;24.97
SK0232502731;24.42
SK0232502740;33.64
SK0232502758;33.95
SK0232502766;143.05
SK0232502782;166.42
SK0232502791;18.8
SK0232502804;62.86
SK0232502812;24.88
SK0232502821;63.98
SK0232502847;49.4
SK0232502863;774.31
SK0232502871;46.99
SK0232502880;23.42
SK0232502898;13.69
SK0232502910;46.24
SK0232502928;80.89
SK0232502936;60.24
SK0232502944;33.89
SK0232502952;26.57
SK0232502961;18.56
SK0232502979;30.56
SK0232502987;118.12
SK0232502995;41.06
SK0232503002;33.05
SK0232545350;20.01
SK0232555843;71.12
SK0232556777;12.66
SK0232580937;11.88
SK0232581135;41
SK0232581160;121.61
SK0232581895;35.44
SK0233500011;769.12
SK0233500020;115.64
SK0233500046;60.57
SK0233500071;158.06
SK0233500101;201.74
SK0233500135;102.71
SK0233500160;38.95
SK0233500194;112.1
SK0233500232;183.71
SK0233500313;47.66
SK0233500356;94.29
SK0233500372;76.64
SK0233500381;94.38
SK0233500399;30.65
SK0233500402;116.35
SK0233500411;124.55
SK0233500453;217.59
SK0233500470;80.19
SK0233500488;69.73
SK0233500518;66.75
SK0233500534;43.86
SK0233500569;85.3
SK0233500577;148.11
SK0233500631;133.05
SK0233500640;74.56
SK0233500666;35.07
SK0233500674;63.76
SK0233500682;91.28
SK0233500691;62.55
SK0233500704;110.87
SK0233500712;72.24
SK0233500780;56.16
SK0233500798;32.66
SK0233500844;60.54
SK0233500887;134.24
SK0233500895;95.82
SK0233500917;137.53
SK0233500933;220.81
SK0233500941;151.95
SK0233500950;114.22
SK0233500992;87.25
SK0233501018;50.07
SK0233545589;125.85
SK0233545635;45.75
SK0233555851;428.82
SK0233555860;244.61
SK0233555886;211.99
SK0233555908;93.72
SK0233555959;84.55
SK0233555967;59.91
SK0233555991;102.19
SK0233556696;234.78
SK0233556785;48.61
SK0233558320;199.84
SK0233580899;255.35
SK0233581097;125.68
SK0233581623;142.13
SK0233581691;26.37
SK0233582387;95.53
SK0233582425;152.93
SK0233582697;96.43
SK0233582719;152.98
SK0234503011;510.24
SK0234503029;157.82
SK0234503037;42.23
SK0234503045;183.38
SK0234503053;28.18
SK0234503061;37.5
SK0234503070;93.71
SK0234503088;60.28
SK0234503096;62.82
SK0234503100;28.95
SK0234503118;24.57
SK0234503126;77.59
SK0234503134;35.32
SK0234503151;87.33
SK0234503169;37.98
SK0234503177;78.17
SK0234503185;78.31
SK0234503193;94.98
SK0234503207;49.34
SK0234503215;57.03
SK0234503223;38.59
SK0234503231;67.68
SK0234503240;52.63
SK0234503258;50.99
SK0234503266;157.13
SK0234503274;48.03
SK0234503282;137.2
SK0234503291;70.2
SK0234503312;38.35
SK0234503321;112.15
SK0234503339;43.31
SK0234503347;51.16
SK0234503355;43.46
SK0234503363;91.65
SK0234503371;82.85
SK0234503380;126.24
SK0234503398;177.74
SK0234503401;36.25
SK0234503436;37.23
SK0234503452;82.83
SK0234503479;95.67
SK0234503487;47.98
SK0234503495;97.72
SK0234503509;48.85
SK0234503517;56.71
SK0234503525;37.41
SK0234503533;56.43
SK0234503541;31.08
SK0234503550;46.43
SK0234503568;44.64
SK0234503576;27.75
SK0234503584;707.87
SK0234503592;157.18
SK0234503606;48.45
SK0234503614;92.63
SK0234503631;68.54
SK0234503649;80.22
SK0234556025;47.63
SK0234556033;27.31
SK0234556050;181.55
SK0234556092;67.17
SK0234582361;47.01
SK0235500241;94.62
SK0235500739;93.39
SK0235503711;90.64
SK0235503720;100.88
SK0235503886;194.23
SK0235503932;88.24
SK0235503991;74.17
SK0235504025;460.02
SK0235504068;161.47
SK0235504092;85.17
SK0235504165;79.36
SK0235504190;107.27
SK0235555878;98.24
SK0236504998;892.43
SK0236505021;48.5
SK0236505048;159.17
SK0236505064;56.68
SK0236505137;64.2
SK0236505226;50.31
SK0236505234;86.52
SK0236505242;53.52
SK0236505251;52.57
SK0236505285;67.67
SK0236505340;9.4
SK0236505374;71.06
SK0236505404;125.49
SK0236505421;67.12
SK0236505439;91.7
SK0236505498;126.86
SK0236505510;42.92
SK0236505536;56.63
SK0236505561;52
SK0236505617;52.84
SK0236505641;128.2
SK0236505676;94.71
SK0236505714;88.36
SK0236505749;91.91
SK0236505757;37.62
SK0236505773;65.17
SK0236542661;176.32
SK0236542695;72.33
SK0236542709;65.98
SK0236542717;59.24
SK0236542792;33.12
SK0236542881;53.45
SK0236542938;64.05
SK0236542954;111.55
SK0236542971;196.92
SK0236543039;94.75
SK0236543063;183.02
SK0236543071;61.76
SK0236543101;72.07
SK0236543110;68.08
SK0236556149;129.08
SK0236556157;178.5
SK0236556165;112.2
SK0236556211;48.16
SK0236556220;32.49
SK0236556238;27.02
SK0236556262;177.32
SK0236556297;144.76
SK0236556327;97.59
SK0236556351;94.71
SK0236580457;277.69
SK0236581305;120.63
SK0236581658;86.23
SK0236581704;92.38
SK0237500062;75.42
SK0237500127;29.92
SK0237500151;106.5
SK0237500283;42.26
SK0237500305;46.09
SK0237500321;111.74
SK0237500364;32.26
SK0237500429;15.41
SK0237500437;63.79
SK0237500461;69.89
SK0237500500;117.55
SK0237500542;123.51
SK0237500551;123.95
SK0237500585;42.08
SK0237500593;116.2
SK0237500607;54.74
SK0237500658;47.52
SK0237500721;37.13
SK0237500747;104.31
SK0237500755;84.21
SK0237500810;98.24
SK0237500828;101.04
SK0237500836;24.28
SK0237500909;82.07
SK0237500925;86.65
SK0237500968;435.12
SK0237500976;13.14
SK0237500984;47.74
SK0237517305;36.66
SK0237555916;77.91
SK0237555924;59.96
SK0237555932;44.39
SK0237582816;100.46
SK031A509604;72.09
SK031A509655;46.46
SK031A509663;58.54
SK031A509795;97.93
SK031A509876;141.89
SK031A509949;40.79
SK031A509981;68.43
SK031A510076;67.29
SK031A510084;56.65
SK031A510106;85.67
SK031A510114;156.35
SK031A510173;28.73
SK031A510190;51.82
SK031A510238;26.86
SK031A518719;104.57
SK031B517402;1019.28
SK031B517429;85.69
SK031B517470;4.76
SK031B517488;112.24
SK031B517496;196.35
SK031B517500;46.92
SK031B517518;113.52
SK031B517526;133.17
SK031B517542;17.66
SK031B517551;212.66
SK031B517577;420.2
SK031B517593;150.13
SK031B517640;98.12
SK031B517658;131.4
SK031B517682;315.57
SK031B517704;150.03
SK031B517712;107.87
SK031B517721;46.06
SK031B517739;165.31
SK031B517755;93.16
SK031B517763;37.52
SK031B517771;56.35
SK031B517780;76.72
SK031B517801;534.79
SK031B517828;169.23
SK031B517879;156.55
SK031B517917;185.59
SK031B517925;31.33
SK031B517933;240.57
SK031B517941;457.57
SK031B517950;177.11
SK031B517968;49.19
SK031B517976;213.58
SK031B517984;196.58
SK031B518000;143.41
SK031B518034;400.93
SK031B518042;47.14
SK031B518051;76.92
SK031B518069;204.33
SK031B518077;77.75
SK031B518093;197.84
SK031B518131;123.11
SK031B547522;231.84
SK031B547557;188.88
SK031B547590;169.11
SK031B547611;146.71
SK031B547620;34.53
SK031B557935;289.81
SK031B557960;152.52
SK031B557986;87.77
SK031B557994;202.11
SK031B558168;47.01
SK031B581712;133.23
SK0311517461;265.81
SK0311517623;138.99
SK0311517631;211.66
SK0311517674;65.76
SK0311517691;109.55
SK0311517798;108.81
SK0311517861;50.73
SK0311517895;123.67
SK0311517992;43.24
SK0311518018;71.33
SK0311518085;89.56
SK0311581984;180.34
SK0312509132;402.28
SK0312509159;211.99
SK0312509167;50.65
SK0312509183;183.75
SK0312509213;43.98
SK0312509221;34.42
SK0312509230;78.22
SK0312509248;237.29
SK0312509299;36.78
SK0312509311;20.87
SK0312509337;96.77
SK0312509345;98
SK0312509361;241.74
SK0312509396;59.56
SK0312509400;135.74
SK0312509451;157.9
SK0312509477;75.23
SK0312509485;125.47
SK0312509493;214.02
SK0312509507;202.86
SK0312509515;57.77
SK0312509523;57.51
SK0312509531;116.36
SK0313509540;323.81
SK0313509639;59.11
SK0313509671;37.56
SK0313509698;63.56
SK0313509701;118.09
SK0313509710;36.21
SK0313509744;22.76
SK0313509761;43.49
SK0313509787;43.49
SK0313509825;43.08
SK0313509833;89.87
SK0313509922;82.29
SK0313509957;38.73
SK0313509965;41.3
SK0313509973;18.69
SK0313509990;45.51
SK0313510009;56.53
SK0313510017;89.46
SK0313510041;46.2
SK0313510165;50.9
SK0313510181;63.49
SK0313510211;37.44
SK0313510254;65.91
SK0313580813;99.62
SK0314509175;90.89
SK0314509205;82.02
SK0314509256;545.74
SK0314509264;191.78
SK0314509272;108.94
SK0314509281;104.63
SK0314509302;125.65
SK0314509329;106.44
SK0314509370;60.39
SK0314509426;291.8
SK0314509434;124.01
SK0314509442;94.77
SK0314509469;200.39
SK0314580791;229.78
SK0315507393;19.22
SK0315510262;431.59
SK0315510271;107.95
SK0315510319;49.77
SK0315510327;64.05
SK0315510335;18.88
SK0315510351;57.19
SK0315510386;7.07
SK0315510408;52.19
SK0315510416;24.84
SK0315510424;166.94
SK0315510459;12.79
SK0315510467;27.74
SK0315510505;40.02
SK0315510513;15.31
SK0315510521;10.41
SK0315510564;30.47
SK0315510572;24.45
SK0315510581;15.2
SK0315510602;8.64
SK0315510611;46.2
SK0315510653;35.07
SK0315510688;42.15
SK0315510696;27.36
SK0315510700;55.47
SK0315510726;385.51
SK0315510734;15.94
SK0315510751;139.38
SK0315510777;21.77
SK0315510793;69.08
SK0315510831;61.06
SK0315510840;20.22
SK0315510858;5.85
SK0315510874;6.18
SK0315510904;14.23
SK0315510912;55.23
SK0315510921;41.36
SK0315510947;213.43
SK0315510963;15.41
SK0315510971;17.94
SK0315511013;86.75
SK0315511048;97.58
SK0315511072;55.56
SK0315511099;126.47
SK0315511111;68.7
SK0315511129;39.7
SK0315511137;3.69
SK0315511145;77.77
SK0315511153;55.96
SK0315511170;11.47
SK0315511188;5.29
SK0315511196;67.62
SK0315511200;21.31
SK0315556807;36.22
SK0315558281;29.29
SK0315580287;213.63
SK0316512036;759.62
SK0316512052;24.07
SK0316512061;159.25
SK0316512079;12.5
SK0316512133;75.91
SK0316512150;72.83
SK0316512168;220.2
SK0316512206;259.8
SK0316512214;237.51
SK0316512257;25.69
SK0316512290;93.93
SK0316512346;57.02
SK0316512354;45.72
SK0316512371;216.29
SK0316512389;77.45
SK0316512397;36.94
SK0316512419;37.61
SK0316512435;71.9
SK0316512478;23.75
SK0316512486;16.98
SK0316512508;41.78
SK0316512524;181.47
SK0316512541;72.13
SK0316512567;219.54
SK0316512583;58.27
SK0316512591;6.61
SK0316512613;30.27
SK0316512630;45.72
SK0316512648;143.25
SK0316512656;30.4
SK0316512664;47.78
SK0316512672;37.95
SK0316512681;88.79
SK0316512702;68.61
SK0316512711;85.04
SK0316512737;179.99
SK0316512753;118.57
SK0316512761;55.29
SK0316512796;14.95
SK0316512818;33.12
SK0316512834;228.41
SK0316545961;22.04
SK0316557358;399.46
SK0317509558;83.02
SK0317509566;140.31
SK0317509582;76.68
SK0317509591;72.77
SK0317509680;86.73
SK0317509728;197.64
SK0317509779;59.24
SK0317509809;100.5
SK0317509817;43.95
SK0317509850;48.77
SK0317509868;170.51
SK0317509884;98.86
SK0317509892;82.59
SK0317509906;52.08
SK0317509914;47.19
SK0317509931;73.54
SK0317510025;208.27
SK0317510033;93.18
SK0317510050;151.71
SK0317510092;120.91
SK0317510149;91.58
SK0317510157;185.53
SK0317510203;130.77
SK0317510246;159.44
SK0318507300;118.68
SK0318507407;35.5
SK0318510301;168.72
SK0318510441;64.02
SK0318510530;50.79
SK0318510548;108.41
SK0318510599;160.75
SK0318510629;50.45
SK0318510637;31.99
SK0318510661;41.09
SK0318510670;109.9
SK0318510718;19.36
SK0318510742;187.46
SK0318510785;127.77
SK0318510807;9.31
SK0318510815;74.31
SK0318510823;187.05
SK0318510866;183.94
SK0318510955;69.4
SK0318510998;212.43
SK0318511005;191.78
SK0318511030;60.03
SK0318511056;467.11
SK0318511064;202.89
SK0318511102;61.5
SK0319512044;14.32
SK0319512087;44.79
SK0319512095;46.83
SK0319512109;72.6
SK0319512117;12.39
SK0319512125;19.07
SK0319512141;4.95
SK0319512222;24.19
SK0319512265;49.51
SK0319512273;51.74
SK0319512303;26.66
SK0319512311;15.36
SK0319512320;123.77
SK0319512338;15.01
SK0319512427;29.83
SK0319512443;176.97
SK0319512451;33.55
SK0319512460;23.17
SK0319512494;12.89
SK0319512559;18.19
SK0319512575;28.72
SK0319512605;16.75
SK0319512621;51.61
SK0319512699;11.58
SK0319512729;187.56
SK0319512788;37.11
SK032A515850;715.64
SK032A515868;92.21
SK032A515876;56.54
SK032A515884;14.37
SK032A515892;110.72
SK032A515906;63.01
SK032A515914;39.05
SK032A515922;11.66
SK032A515931;4.96
SK032A515949;15.86
SK032A515957;62.69
SK032A515965;47.59
SK032A515973;60.95
SK032A515981;11.15
SK032A515990;23.82
SK032A516007;25.18
SK032A516015;19.08
SK032A516023;19.84
SK032A516031;19.87
SK032A516040;35.33
SK032A516058;50.53
SK032A516066;13.33
SK032A516074;40.84
SK032A516082;69.81
SK032A516091;29.33
SK032A516104;37.36
SK032A516112;44.91
SK032A516121;27.7
SK032A516139;58.09
SK032A516147;26.32
SK032A516155;65.45
SK032A516163;13.34
SK032A516171;29.79
SK032A516198;31.31
SK032A516210;84.05
SK032A516228;29.04
SK032A516236;95.99
SK032A516244;51.62
SK032A516252;39.65
SK032A516261;14.02
SK032A516279;68.71
SK032A516287;9.52
SK032A516295;39.48
SK032A516309;12.59
SK032A516317;20.39
SK032A516333;41.66
SK032A516341;20.55
SK032A516368;12.24
SK032A516376;93.74
SK032A516384;50.35
SK032A516392;18.6
SK032A516406;28.75
SK032A516414;16.45
SK032A516422;7.36
SK032A516431;26
SK032A516449;6.63
SK032A516457;16.82
SK032A516465;63.84
SK032A516473;47.13
SK032A516490;29.45
SK032A516503;12.5
SK032A516511;57.67
SK032A516520;57.71
SK032A516538;30.72
SK032A516546;36.38
SK032A516554;43.76
SK032A516562;45.58
SK032A516571;63.41
SK032A558192;88.82
SK032A558206;22.88
SK032A558214;26.84
SK032B518158;405.58
SK032B518166;23.73
SK032B518174;16.56
SK032B518191;67.46
SK032B518204;84.42
SK032B518221;21.43
SK032B518298;35.22
SK032B518361;27.64
SK032B518476;25.8
SK032B518506;221.64
SK032B518581;0.2
SK032B518654;7.57
SK032B518662;28.34
SK032B518671;15.47
SK032B518689;39.86
SK032B518697;64.21
SK032B518727;35.53
SK032B518760;78.95
SK032B518808;121
SK032B518875;33.52
SK032B518891;63.71
SK032B518972;60.67
SK032B518981;28.56
SK032B558087;54.04
SK032B558133;99.73
SK032B581585;101.11
SK032C516759;44.01
SK032C516805;33.83
SK032C516813;42.79
SK032C516830;118.58
SK032C516902;7.67
SK032C517062;35.54
SK032C517097;113.35
SK032C517119;32.3
SK032C517127;4.88
SK032C517232;27.25
SK032C517291;40.36
SK032C517330;55.84
SK032C517348;11.61
SK032C517356;36.29
SK032C517381;189.4
SK032C517399;83.16
SK032C580546;37.7
SK032C581607;81.68
SK032D516589;438.47
SK032D516660;41.17
SK032D516708;33.06
SK032D516724;120.68
SK032D516732;94.19
SK032D516741;107.3
SK032D516767;237.44
SK032D516791;33.38
SK032D516821;83.64
SK032D516848;23.27
SK032D516872;53.22
SK032D516881;51.05
SK032D516937;22.6
SK032D516945;36.35
SK032D516961;24.2
SK032D516970;112.23
SK032D516988;32.1
SK032D516996;8.57
SK032D517011;84.83
SK032D517020;64.77
SK032D517038;45.74
SK032D517046;24.16
SK032D517089;127.51
SK032D517135;55.48
SK032D517186;46.38
SK032D517194;29.61
SK032D517216;25.81
SK032D517241;34.91
SK032D517259;33.62
SK032D517267;83.49
SK032D517313;50.74
SK032D517364;61.71
SK032D581747;183.57
SK032D599328;68.71
SK032D599336;53.56
SK0321508438;725.06
SK0321508454;60.02
SK0321508471;16.28
SK0321508519;40.02
SK0321508543;51.04
SK0321508551;5.89
SK0321508560;15.31
SK0321508586;48.49
SK0321508594;107.13
SK0321508616;31.29
SK0321508632;43.27
SK0321508641;109.32
SK0321508659;41.43
SK0321508675;49.21
SK0321508713;48.73
SK0321508721;432.25
SK0321508748;20.45
SK0321508756;62.85
SK0321508764;80.76
SK0321508781;45.82
SK0321508799;17.06
SK0321508802;8.22
SK0321508837;37.6
SK0321508861;32.02
SK0321508896;8.26
SK0321508918;26.19
SK0321508926;42.45
SK0321508942;90.94
SK0321508969;124.29
SK0321508977;37.71
SK0321508985;106.61
SK0321509001;100.53
SK0321509019;13.39
SK0321509027;43.48
SK0321509035;17.53
SK0321509060;71.48
SK0321557269;15.5
SK0321557277;331.38
SK0321557285;283.98
SK0321557293;163.28
SK0321580236;90.02
SK0321580244;179.69
SK0322516597;55.75
SK0322516601;10.64
SK0322516627;55.35
SK0322516643;202.24
SK0322516651;24.04
SK0322516678;6.2
SK0322516716;10.72
SK0322516856;33.33
SK0322516953;18.69
SK0322517071;7.82
SK0322517143;15.5
SK0322517160;5.58
SK0322517178;26.18
SK0322517283;80.33
SK0322517372;8.72
SK0323508446;23.67
SK0323508462;42.79
SK0323508489;22.87
SK0323508497;163.26
SK0323508527;33.96
SK0323508535;12.54
SK0323508578;34.82
SK0323508608;58.18
SK0323508624;12.62
SK0323508667;32.29
SK0323508691;2.4
SK0323508705;13.27
SK0323508730;13.04
SK0323508772;88.58
SK0323508811;49.13
SK0323508829;69.55
SK0323508845;14.91
SK0323508853;191.3
SK0323508870;45.12
SK0323508888;47.04
SK0323508900;30.78
SK0323508934;55.9
SK0323508951;34.44
SK0323508993;6.99
SK0323509043;16.34
SK0323509051;26.14
SK0323509086;53.67
SK0323509094;28.48
SK0323509124;52.1
SK0323557251;9.7
SK0324511510;12.1
SK0324511731;21.69
SK0324518263;202.32
SK0324518271;47.82
SK0324518379;48.78
SK0324518450;5.52
SK0324518468;56
SK0324518492;48.95
SK0324518549;190.51
SK0324518794;73.62
SK0324518816;12.63
SK0324518824;126.16
SK0324518921;47.74
SK0324518930;20.41
SK0324580520;104.76
SK0325518212;86.08
SK0325518239;18.63
SK0325518247;9.99
SK0325518255;29.43
SK0325518280;21.61
SK0325518301;19.47
SK0325518310;39.32
SK0325518336;27.17
SK0325518344;14.57
SK0325518352;6.82
SK0325518387;199.57
SK0325518409;45.57
SK0325518417;45.39
SK0325518425;26.71
SK0325518433;15.76
SK0325518441;31.71
SK0325518484;30.85
SK0325518514;28.92
SK0325518531;7.22
SK0325518557;84.85
SK0325518565;13.24
SK0325518573;9.52
SK0325518603;11.24
SK0325518611;34.28
SK0325518646;16.2
SK0325518701;13.84
SK0325518735;37.83
SK0325518743;17.62
SK0325518751;46.91
SK0325518832;21.87
SK0325518841;21.54
SK0325518867;54.83
SK0325518883;17.38
SK0325518905;14.08
SK0325518956;9.52
SK0325518999;6.98
SK0326511218;533.36
SK0326511226;4.03
SK0326511234;94.71
SK0326511251;57.17
SK0326511277;11.62
SK0326511293;33.72
SK0326511323;90.89
SK0326511331;44.72
SK0326511358;84.26
SK0326511366;31.46
SK0326511374;16.35
SK0326511391;606.76
SK0326511404;77.99
SK0326511421;75.77
SK0326511439;64.68
SK0326511463;40.39
SK0326511480;22.23
SK0326511528;43.29
SK0326511536;5.75
SK0326511544;22.93
SK0326511552;91.06
SK0326511561;10.94
SK0326511579;23.02
SK0326511609;35.11
SK0326511625;64.59
SK0326511641;56.38
SK0326511668;46.75
SK0326511676;10.87
SK0326511692;66.45
SK0326511706;32.64
SK0326511714;16.66
SK0326511722;19.11
SK0326511749;44.88
SK0326511757;11.61
SK0326511773;8.13
SK0326511781;54.44
SK0326511790;83.67
SK0326511803;103.86
SK0326511811;26.62
SK0326511838;77.41
SK0326511846;36
SK0326511854;54.19
SK0326511862;13.04
SK0326511871;91.07
SK0326511897;33.54
SK0326511901;32.71
SK0326511919;96.04
SK0326511927;43.51
SK0326511943;17.39
SK0326511994;38.17
SK0326512010;73.94
SK0326557307;306.07
SK0326557315;143.28
SK0326557331;29.42
SK0326557340;30.9
SK0326558273;34.54
SK0326580309;54.85
SK0327511269;78.76
SK0327511315;51.7
SK0327511340;11.37
SK0327511447;16.05
SK0327511471;56.76
SK0327511498;41.41
SK0327511501;3.57
SK0327511595;27.77
SK0327511617;13.41
SK0327511684;18.47
SK0327511765;170.69
SK0327511820;25.3
SK0327511889;17.08
SK0327511978;20.93
SK0327512001;42.74
SK0327514900;36.88
SK0327514918;135.83
SK0327515515;4.53
SK0327515591;32.3
SK0327557323;11.65
SK0327580317;32.05
SK0327582051;1260.88
SK0328514675;27.57
SK0328514721;50.21
SK0328514756;56.34
SK0328514896;10.1
SK0328514977;20.49
SK0328515159;65.07
SK0328515256;60.71
SK0328515302;9.85
SK0328515311;10.98
SK0328515361;12.41
SK0328515370;49.52
SK0328515400;10.8
SK0328515507;9.09
SK0328515523;16.77
SK0328515574;10.63
SK0328515612;118.52
SK0328515761;7.19
SK0328515833;20.31
SK0328525677;29.21
SK0328525685;24.63
SK0328525766;73.9
SK0328525774;20.74
SK0328525791;67.82
SK0328525812;26.67
SK0328525901;43.74
SK0328525928;214.61
SK0328525944;29.26
SK0328525987;11.73
SK0328525995;49.67
SK0328526002;20.52
SK0328526011;24.94
SK0328526029;7.78
SK0328526037;25.03
SK0328526100;15.49
SK0328526118;30.52
SK0328526142;287.93
SK0328526151;46.05
SK0328526258;72.11
SK0328526304;42.61
SK0328526321;19.05
SK0328557820;44.92
SK0328580384;35.7
SK0329514462;279.63
SK0329514489;12.72
SK0329514501;51.47
SK0329514519;70.06
SK0329514535;43.85
SK0329514543;41.72
SK0329514551;18.95
SK0329514586;18.91
SK0329514594;84.9
SK0329514608;107.01
SK0329514616;22.35
SK0329514624;113.52
SK0329514632;28.97
SK0329514641;22.11
SK0329514659;19.09
SK0329514667;17.18
SK0329514683;43.2
SK0329514691;54.21
SK0329514713;47.17
SK0329514730;8.05
SK0329514764;20.66
SK0329514781;67.75
SK0329514799;48.65
SK0329514811;44.41
SK0329514829;97.94
SK0329514837;88.98
SK0329514845;15.06
SK0329514853;21.49
SK0329514861;49.17
SK0329514870;21.59
SK0329514888;65.98
SK0329514926;10.46
SK0329514934;10.56
SK0329514942;27.82
SK0329514951;37.54
SK0329514969;35.82
SK0329514985;44.72
SK0329514993;35.78
SK0329515001;136.82
SK0329515019;19.85
SK0329515027;53.76
SK0329515035;36.83
SK0329515043;29.92
SK0329515051;17.62
SK0329515060;41.51
SK0329515078;84.19
SK0329515086;17.8
SK0329515094;1.87
SK0329515108;56.45
SK0329515116;10.73
SK0329515124;8.75
SK0329515132;80.02
SK0329515141;32.69
SK0329515167;21.86
SK0329515175;13.19
SK0329515183;55.49
SK0329515205;41.62
SK0329515230;37.32
SK0329515248;22.13
SK0329515264;42.94
SK0329515272;12.38
SK0329515281;58.68
SK0329515299;10.71
SK0329515337;5.21
SK0329515345;2.36
SK0329515353;122.31
SK0329515388;7.15
SK0329515396;6.98
SK0329515426;20.08
SK0329515442;126.4
SK0329515451;35.5
SK0329515469;53.74
SK0329515485;12.34
SK0329515493;30.16
SK0329515531;30.28
SK0329515540;36.56
SK0329515566;70.52
SK0329515582;164.29
SK0329515604;50.08
SK0329515621;67.38
SK0329515639;54.05
SK0329515647;8.05
SK0329515655;86.75
SK0329515663;69.47
SK0329515671;49.39
SK0329515680;29.8
SK0329515698;32.14
SK0329515701;39.27
SK0329515710;60.61
SK0329515728;41.7
SK0329515736;38.68
SK0329515744;34.19
SK0329515752;36.36
SK0329515779;33.56
SK0329515795;60.51
SK0329515809;27.41
SK0329515817;38.4
SK0329515841;45.84
SK0329557757;78.42
SK0329557765;45.53
SK0329557790;35.93
SK0329557811;74.56
SK0329557854;39.55
SK0329557889;14.31
SK0329557901;16.81
SK0329557919;58.37
SK0329557927;56.31
SK041A526665;512.23
SK041A526673;67.67
SK041A526681;56.05
SK041A526690;100.93
SK041A526703;23.14
SK041A526711;57.02
SK041A526720;78.36
SK041A526738;25.12
SK041A526746;37.86
SK041A526754;77.4
SK041A526762;43.57
SK041A526771;39.59
SK041A526789;45.79
SK041A526797;72.59
SK041A526801;23.3
SK041A526819;46.89
SK041A526827;25.44
SK041A526835;10.79
SK041A526843;33.11
SK041A526851;35.1
SK041A526860;109.95
SK041A526878;120.98
SK041A526886;33.22
SK041A526894;5.66
SK041A526908;34.18
SK041A526916;63.51
SK041A526924;209.28
SK041A526932;4.52
SK041A526941;28.91
SK041A526959;105.92
SK041A526967;83.38
SK041A526975;90.53
SK041A526983;64.82
SK041A526991;13.45
SK041A527009;5.72
SK041A527017;15.42
SK041A527025;14.8
SK041A527033;22.08
SK041A527041;71.65
SK041A527050;27.92
SK041A527068;20.33
SK041A527076;33.09
SK041A527084;62.25
SK041A527092;78.91
SK041B527114;98.56
SK041B527157;84.4
SK041B527165;21.84
SK041B527173;20.72
SK041B527181;49.22
SK041B527190;5.31
SK041B527203;13.07
SK041B527262;57.12
SK041B527289;23.55
SK041B527297;29.14
SK041B527335;59.66
SK041B527343;6.82
SK041B527386;19.2
SK041B527408;5.8
SK041B527416;8.14
SK041B527467;6.95
SK041B527475;91.12
SK041B527513;30.13
SK041B527521;31.31
SK041B527530;9.96
SK041B527572;10.73
SK041B527581;56.47
SK041B527611;17.54
SK041B527637;37.23
SK041B527700;21.2
SK041B527718;19.67
SK041B527726;15.23
SK041B527793;24.71
SK041B527815;7.74
SK041B527823;29.33
SK041B527840;402.04
SK041B527866;28.93
SK041B527912;129.17
SK041B527921;11.77
SK041B527939;36.18
SK041B527971;13.08
SK041B527980;22.36
SK041B527998;18.01
SK041B528005;2.31
SK041B528013;20.54
SK041B528021;20.09
SK041B528048;45.74
SK041B560073;28.84
SK041C519197;361.96
SK041C519316;59.51
SK041C519332;8.44
SK041C519391;150.16
SK041C519448;68.14
SK041C519537;146.47
SK041C519561;79.16
SK041C519596;26.41
SK041C519987;76.81
SK041C519995;68.89
SK041C527106;494.55
SK041C527122;8.27
SK041C527131;15.44
SK041C527149;7.94
SK041C527211;44.38
SK041C527220;15.08
SK041C527238;10.12
SK041C527246;8.61
SK041C527254;16.22
SK041C527271;33.29
SK041C527301;1.9
SK041C527319;46.19
SK041C527327;46.04
SK041C527351;10.73
SK041C527360;68.52
SK041C527378;20.06
SK041C527394;18.24
SK041C527424;54.31
SK041C527432;73.06
SK041C527441;8.72
SK041C527459;11.79
SK041C527483;86.38
SK041C527491;30.34
SK041C527505;67.82
SK041C527548;29.52
SK041C527556;8.62
SK041C527564;40.41
SK041C527599;8.43
SK041C527602;19.17
SK041C527629;21.05
SK041C527645;10.66
SK041C527653;14.82
SK041C527661;37.89
SK041C527670;33.25
SK041C527688;12.24
SK041C527696;37.96
SK041C527734;1.24
SK041C527742;9.55
SK041C527751;38.21
SK041C527769;29.03
SK041C527777;35.66
SK041C527785;38.89
SK041C527807;19.75
SK041C527831;64.78
SK041C527858;23.82
SK041C527874;2.25
SK041C527882;48.45
SK041C527891;11.94
SK041C527904;12
SK041C527947;20.29
SK041C527955;29.72
SK041C527963;10.08
SK041C528030;36.67
SK041C528056;7.32
SK041C528064;10.98
SK041C528072;46.19
SK041C528081;26.22
SK041C580601;52.05
SK041D528731;33.08
SK041D528749;37.87
SK041D528757;73.45
SK041D528765;16
SK041D528773;216.1
SK041D528781;99.68
SK041D528790;108.17
SK041D528811;118.65
SK041D528820;13.37
SK041D528838;125.53
SK041D528846;118.77
SK041D528854;23.88
SK041D528862;61.46
SK041D528871;51.77
SK041D528889;22.33
SK041D528901;141.82
SK041D528919;80.87
SK041D528927;104.34
SK041D528935;29.15
SK041D528943;77.13
SK041D528960;45.41
SK041D528978;30.79
SK041D528986;32.69
SK041D528994;14.6
SK041D529001;114.82
SK041D529028;48.6
SK041D529036;45.35
SK041D529044;34.16
SK041D529052;25.21
SK041D529079;44.2
SK041D529109;14.23
SK041D529117;25.14
SK041D529125;119.55
SK041D529133;120.16
SK041D529141;148.32
SK041D529150;69.91
SK041D529168;107.76
SK041D529176;253.29
SK041D529184;11.15
SK041D529192;128.82
SK041D529206;25.48
SK041D529214;10.56
SK041D529222;168.71
SK041D529231;50.54
SK041D529257;124.49
SK041D529265;80.67
SK041D529281;11.85
SK041D529290;68.49
SK041D544051;606.04
SK041D544060;29.44
SK041D544078;64.97
SK041D544086;66.93
SK041D544094;209.34
SK041D544108;23.39
SK041D544116;211.62
SK041D544124;249.35
SK041D544132;86.28
SK041D544141;29.62
SK041D544159;45.72
SK041D544167;5.51
SK041D544175;131.71
SK041D544183;41.89
SK041D544191;34
SK041D544205;19.86
SK041D544213;260.42
SK041D544221;25.87
SK041D544230;129.94
SK041D581674;227.47
SK0411518964;77.46
SK0411519006;420.58
SK0411519014;56.62
SK0411519022;29.67
SK0411519049;66.64
SK0411519057;14.53
SK0411519065;76.1
SK0411519073;10.81
SK0411519081;51.35
SK0411519090;31.37
SK0411519103;48.83
SK0411519111;37.51
SK0411519138;46.91
SK0411519154;39.98
SK0411519162;78.01
SK0411519171;40.33
SK0411519189;117.22
SK0411519201;50.66
SK0411519219;58.29
SK0411519227;52.71
SK0411519235;56.75
SK0411519243;52.37
SK0411519251;63.15
SK0411519260;59.6
SK0411519278;26.26
SK0411519286;29.08
SK0411519294;83.49
SK0411519308;17.76
SK0411519324;70.12
SK0411519341;69.27
SK0411519359;48.85
SK0411519367;56.55
SK0411519375;45.91
SK0411519383;19.42
SK0411519405;39.7
SK0411519413;4.25
SK0411519421;97.81
SK0411519430;45.25
SK0411519456;69.32
SK0411519464;59.42
SK0411519472;109.5
SK0411519481;80.53
SK0411519499;19.39
SK0411519502;2.46
SK0411519511;2.95
SK0411519529;37.86
SK0411519545;45.16
SK0411519553;22.52
SK0411519570;84.84
SK0411519588;92.34
SK0411519600;16.44
SK0411519618;96.2
SK0411519626;48.72
SK0411519634;38.46
SK0411519642;37.85
SK0411519669;49.07
SK0411519677;31.69
SK0411519685;3.89
SK0411519693;34.26
SK0411519707;72.11
SK0411519715;67.08
SK0411519723;50.52
SK0411519731;74.37
SK0411519740;7.3
SK0411519758;32.85
SK0411519766;46.08
SK0411519774;109.61
SK0411519782;49.18
SK0411519791;54.45
SK0411519804;21.04
SK0411519812;15.24
SK0411519821;67.44
SK0411519839;111.25
SK0411519847;21.01
SK0411519855;30.87
SK0411519863;45.57
SK0411519871;69.97
SK0411519880;34.43
SK0411519901;34.04
SK0411519910;19.67
SK0411519928;44.63
SK0411519936;167.81
SK0411519944;39.3
SK0411519952;15.16
SK0411519961;181.83
SK0411519979;53.35
SK0412520004;1071.8
SK0412520012;11.05
SK0412520021;59.28
SK0412520055;136.09
SK0412520063;57.55
SK0412520110;20.34
SK0412520152;27.39
SK0412520195;58.85
SK0412520225;36.96
SK0412520233;32.7
SK0412520241;65.91
SK0412520250;11.27
SK0412520268;73.68
SK0412520276;31.78
SK0412520292;47.18
SK0412520331;129.69
SK0412520349;99.48
SK0412520357;44.99
SK0412520373;145.19
SK0412520403;46.77
SK0412520446;44.33
SK0412520454;81.28
SK0412520462;61.68
SK0412520497;132.32
SK0412520501;61.78
SK0412520527;6.56
SK0412520535;11.65
SK0412520543;37.85
SK0412520560;51.29
SK0412520624;34.04
SK0412520667;60.28
SK0412520683;60.05
SK0412520721;58.19
SK0412520772;65.78
SK0412520781;18.53
SK0412520896;101.96
SK0412520900;30.17
SK0412520926;93.29
SK0412520977;45.56
SK0412520985;54.47
SK0412521019;2.13
SK0412521027;11.88
SK0412521035;41.59
SK0412521043;93.98
SK0412521086;93.21
SK0412521116;17.65
SK0412528803;74.13
SK0412528897;31.94
SK0412528951;30.26
SK0412529010;5.71
SK0412529061;11.41
SK0412529087;19.96
SK0412529095;17.21
SK0412529249;34.13
SK0412529273;7.53
SK0412559547;88.68
SK0412559598;94.47
SK0412559636;14.15
SK0412559644;32.73
SK0412559652;7.72
SK0412582140;241.09
SK0413523399;38.85
SK0413523411;32.66
SK0413523429;71.98
SK0413523461;6.98
SK0413523470;55.78
SK0413523500;27.63
SK0413523526;234.24
SK0413523534;55.03
SK0413523569;9.47
SK0413523577;192.83
SK0413523585;619.09
SK0413523607;195.92
SK0413523615;20.67
SK0413523623;279.04
SK0413523674;90.15
SK0413523682;58.66
SK0413523712;46.9
SK0413523739;90.7
SK0413523771;6.84
SK0413523780;257.46
SK0413523798;521
SK0413523801;22.34
SK0413523810;83.28
SK0413523828;197.28
SK0413523836;125.62
SK0413523861;54.42
SK0413523887;102.59
SK0413523909;563.55
SK0413523976;72.07
SK0413523984;21.94
SK0413523992;31.68
SK0413524000;274.2
SK0413524042;76.81
SK0413524051;125.93
SK0413524069;53.4
SK0413524077;78.63
SK0413524085;129.41
SK0413524115;17.12
SK0413524123;54.31
SK0413559938;17.63
SK0413581241;238.11
SK0414526371;76.91
SK0414526380;65.68
SK0414526401;57.97
SK0414526410;10.63
SK0414526428;90.58
SK0414526452;181.09
SK0414526461;222.14
SK0414526479;69.5
SK0414526487;63.63
SK0414526495;34.94
SK0414526517;201.8
SK0414526525;11.37
SK0414526606;8.44
SK0414526614;15.29
SK0414543179;47.95
SK0414543225;87.84
SK0414543276;143.8
SK0414543292;122.71
SK0414543314;29.11
SK0414543381;112.02
SK0414543390;14.87
SK0414543420;14.31
SK0414543446;13.33
SK0414543454;5.51
SK0414543462;13.25
SK0414543471;44.53
SK0414543578;151.54
SK0414543608;148.88
SK0414543624;181.89
SK0414543641;60.22
SK0414543675;18.54
SK0414543691;34.44
SK0414581640;22.26
SK0415520071;19.19
SK0415520098;15.23
SK0415520101;7.83
SK0415520128;13.13
SK0415520187;16.71
SK0415520314;18.32
SK0415520411;30.11
SK0415520471;122.97
SK0415520519;38.51
SK0415520578;7.95
SK0415520586;2.48
SK0415520616;7.61
SK0415520691;25.86
SK0415520705;5.76
SK0415520713;11.04
SK0415520853;18.32
SK0415520861;2.61
SK0415520951;17.91
SK0415520993;49.22
SK0415521001;9.39
SK0415521060;8.65
SK0415521078;7.51
SK0415559610;21.75
SK0416523381;780.76
SK0416523402;175.31
SK0416523437;179.45
SK0416523445;163.07
SK0416523488;187.8
SK0416523496;193.14
SK0416523518;98.31
SK0416523542;174.89
SK0416523593;36.63
SK0416523631;24.37
SK0416523658;50.36
SK0416523721;75.18
SK0416523747;90.63
SK0416523763;403.17
SK0416523844;72.82
SK0416523852;65.31
SK0416523879;149.97
SK0416523925;1718.33
SK0416523933;53.48
SK0416523950;180.14
SK0416524018;122.34
SK0416524026;10.76
SK0416524034;36.66
SK0416524093;266.96
SK0416524107;74
SK0416524131;50.21
SK0416559890;204.1
SK0416560103;10.69
SK0416580368;1.87
SK0417518522;378.83
SK0417518590;454.94
SK0417524140;1184.21
SK0417524158;74.4
SK0417524174;63.33
SK0417524191;60.65
SK0417524212;43.88
SK0417524221;101.59
SK0417524255;60.68
SK0417524263;243.98
SK0417524271;91.15
SK0417524301;59.75
SK0417524336;94.55
SK0417524352;110.6
SK0417524361;128.54
SK0417524387;277.62
SK0417524395;204.33
SK0417524409;131.96
SK0417524417;107.02
SK0417524425;10.36
SK0417524433;91.87
SK0417524450;63.18
SK0417524468;104.87
SK0417524476;42
SK0417524506;84.91
SK0417524514;61.1
SK0417524522;125.3
SK0417524531;206.2
SK0417524549;135.67
SK0417524581;68.64
SK0417524590;169.98
SK0417524620;191.69
SK0417524638;216.27
SK0417524646;14.54
SK0417524654;109.55
SK0417524662;81.32
SK0417524697;36.95
SK0417524701;56.01
SK0417524727;272.2
SK0417524735;130.28
SK0417524743;219.37
SK0417524751;64.03
SK0417524760;115.18
SK0417524786;22.64
SK0417524794;33.48
SK0417524808;84.98
SK0417524832;415
SK0417524841;212.62
SK0417524867;42.11
SK0417524883;145.66
SK0417524905;34.12
SK0417524913;82.94
SK0417524930;44.52
SK0417524964;13.89
SK0417524999;210.16
SK0417525014;115.05
SK0417525022;123.02
SK0417525031;40.23
SK0417525057;70.1
SK0417525065;122.41
SK0417525073;40.6
SK0417525111;184.36
SK0417525138;108.03
SK0417525154;61.97
SK0417525162;64.38
SK0417525171;162.91
SK0417525189;113.86
SK0417525197;200
SK0417525201;104.16
SK0417525251;49.28
SK0417525260;94.39
SK0417525278;38.09
SK0417525286;314.26
SK0417525294;44.83
SK0417525324;153.67
SK0417525332;40.7
SK0417525341;102.78
SK0417525383;183.77
SK0417525391;52.82
SK0417525405;259.52
SK0417525413;103.48
SK0417525430;126.17
SK0417525448;217.15
SK0417525456;127.32
SK0417525472;14.1
SK0417525499;77.99
SK0417525502;38.56
SK0417525511;224.39
SK0417556823;143.39
SK0417559971;144.25
SK0417559989;34.05
SK0418524182;16.73
SK0418524204;49.27
SK0418524239;92.4
SK0418524247;44.52
SK0418524280;93.88
SK0418524298;148.59
SK0418524310;68.78
SK0418524328;36.97
SK0418524344;74.86
SK0418524379;84.15
SK0418524441;15.17
SK0418524492;89.69
SK0418524557;70.28
SK0418524565;67.8
SK0418524573;88.55
SK0418524603;375.63
SK0418524611;83.94
SK0418524671;57.67
SK0418524689;64.75
SK0418524778;509.2
SK0418524816;169.75
SK0418524824;69.88
SK0418524875;58.84
SK0418524921;37.27
SK0418524948;13.52
SK0418524956;36.78
SK0418524981;408.06
SK0418525006;240.89
SK0418525049;107.81
SK0418525081;27.83
SK0418525090;144.73
SK0418525103;19.92
SK0418525120;94.93
SK0418525146;523.91
SK0418525219;122.88
SK0418525235;293.96
SK0418525243;49.84
SK0418525308;5.2
SK0418525316;150.62
SK0418525359;95.25
SK0418525367;47.31
SK0418525375;102.19
SK0418525421;17.63
SK0419520039;192.32
SK0419520080;10.94
SK0419520136;18.27
SK0419520161;71.02
SK0419520179;22.1
SK0419520209;8.37
SK0419520217;6.71
SK0419520284;22.42
SK0419520322;22.76
SK0419520365;24.99
SK0419520381;3.98
SK0419520390;19.32
SK0419520438;16.99
SK0419520489;17.76
SK0419520551;7.42
SK0419520594;5.3
SK0419520632;2.89
SK0419520641;16.34
SK0419520659;32.88
SK0419520675;6.79
SK0419520730;3.33
SK0419520748;6.05
SK0419520764;9.47
SK0419520802;312.86
SK0419520811;19.07
SK0419520829;14.09
SK0419520845;9.84
SK0419520870;11.3
SK0419520888;6.16
SK0419520918;27
SK0419520934;32.41
SK0419520942;12.54
SK0419521051;5.19
SK0419521108;149.25
SK042A526355;524.91
SK042A526363;376.34
SK042A526398;74.82
SK042A526436;497.93
SK042A526444;131.68
SK042A526533;170.6
SK042A526568;39.78
SK042A526576;25.06
SK042A526584;15.03
SK042A526592;63.68
SK042A526657;275.83
SK042A543152;97.11
SK042A543161;75.71
SK042A543195;145.86
SK042A543209;88.64
SK042A543250;126.36
SK042A543268;378.67
SK042A543284;106.85
SK042A543306;215.74
SK042A543331;253.26
SK042A543349;148.93
SK042A543357;20.01
SK042A543403;109.93
SK042A543411;67.84
SK042A543438;61.3
SK042A543489;53.36
SK042A543519;357.56
SK042A543527;69.53
SK042A543535;38.58
SK042A543586;159.24
SK042A543594;79.22
SK042A543616;100
SK042A543667;147.19
SK042A543713;124.54
SK042A543721;54.06
SK042A560154;192.75
SK042B513792;35.59
SK042B513806;32.09
SK042B513831;51.51
SK042B513849;73.12
SK042B528099;327.59
SK042B528102;63.02
SK042B528111;26.38
SK042B528129;44.22
SK042B528145;180.93
SK042B528153;39.72
SK042B528161;57.61
SK042B528170;119.49
SK042B528188;61.62
SK042B528200;73.02
SK042B528218;49.67
SK042B528226;12.32
SK042B528234;55.65
SK042B528242;41.11
SK042B528251;88.24
SK042B528269;30.21
SK042B528285;103.44
SK042B528293;371.65
SK042B528315;27.72
SK042B528323;58.52
SK042B528340;106.5
SK042B528358;82.64
SK042B528366;90.71
SK042B528374;109.41
SK042B528382;128.77
SK042B528412;32.49
SK042B528421;84.01
SK042B528439;29.4
SK042B528447;312.76
SK042B528455;59.52
SK042B528471;127.09
SK042B528480;48.63
SK042B528498;27.33
SK042B528501;81.91
SK042B528510;55.98
SK042B528528;43.82
SK042B528536;31.03
SK042B528544;101.68
SK042B528552;56.17
SK042B528561;76.51
SK042B528587;214.18
SK042B528609;85.17
SK042B528617;67.38
SK042B528625;62.24
SK042B528641;57.01
SK042B528650;77.33
SK042B528668;26.4
SK042B528676;84.34
SK042B528684;76.61
SK042B528706;71.88
SK042B528722;261.61
SK042B543730;94.89
SK042B543748;66.47
SK042B543756;80.45
SK042B543764;38.16
SK042B543772;85.4
SK042B543781;32.51
SK042B543799;34.47
SK042B543802;100.08
SK042B543811;40.4
SK042B543829;29.08
SK042B543845;67.92
SK042B543861;53.74
SK042B543896;144.94
SK042B543900;54.7
SK042B543918;57.18
SK042B543926;53.16
SK042B543934;52.17
SK042B543951;123.88
SK042B543969;60.2
SK042B543977;33.88
SK042B543985;73.82
SK042B543993;24.41
SK042B544001;86.36
SK042B544019;68.23
SK042B544027;54.65
SK042B544035;59.53
SK042B544043;69.05
SK0421526509;101.79
SK0421526541;108.09
SK0421526550;7.09
SK0421526631;27.04
SK0421526649;81.11
SK0421543144;35.12
SK0421543187;106.66
SK0421543233;44.59
SK0421543241;21.66
SK0421543322;105.91
SK0421543365;46.21
SK0421543373;66.99
SK0421543497;101.45
SK0421543501;476.4
SK0421543551;13.03
SK0421543560;13.95
SK0421543632;56.64
SK0421543659;24.8
SK0421543683;15.86
SK0421543705;37.7
SK0422598119;128.47
SK0422598127;303.85
SK0422598151;344.76
SK0422598186;4619.62
SK0422599875;2476.26
SK0422599891;1615.38
SK0423598194;351.78
SK0423598208;1594.86
SK0423598216;376.95
SK0423598224;6707.89
SK0423599841;118.96
SK0423599859;90.98
SK0423599883;12272.74
SK0423599972;6665.29
SK0424598682;2242.07
SK0424599018;519.55
SK0425599093;203.44
SK0425599786;152.19
SK0425599794;301.97
SK0425599816;6092.47
SK0425599824;2154.98
SK0425599913;644.53
SK0426518107;42.88
SK0426518115;63.86
SK0426518123;11.33
SK0426518140;141.15
SK0426521141;141.63
SK0426521159;163.01
SK0426521167;78.08
SK0426521175;211.41
SK0426521183;167.76
SK0426521191;189.92
SK0426521205;191.82
SK0426521213;106.86
SK0426521221;193
SK0426521248;77.96
SK0426521256;10.12
SK0426521264;60.34
SK0426521272;64.22
SK0426521281;75.02
SK0426521299;516.92
SK0426521302;86.19
SK0426521311;52.8
SK0426521329;17.21
SK0426521337;85.46
SK0426521345;292.46
SK0426521353;157.83
SK0426521361;198.28
SK0426521370;335.7
SK0426521388;123.99
SK0426521396;5.19
SK0426521400;87.89
SK0426521418;27.54
SK0426521426;46.68
SK0426521442;197.54
SK0426521469;22.65
SK0426521477;138.82
SK0426521485;30.83
SK0426521493;102.02
SK0426521507;155.65
SK0426521523;281.66
SK0426521540;6.78
SK0426521558;355.78
SK0426521566;46.96
SK0426521574;24.98
SK0426521582;125.9
SK0426521591;155.04
SK0426521604;22.47
SK0426521612;177.53
SK0426521639;132.04
SK0426521655;179.31
SK0426521663;5.83
SK0426521671;128.98
SK0426521680;60.61
SK0426521698;518.01
SK0426521701;10.44
SK0426521728;49.04
SK0426521736;124.98
SK0426521744;95.37
SK0426521752;153.05
SK0426521761;110.84
SK0426521779;47.86
SK0426521787;42.83
SK0426521795;249.01
SK0426521809;21.46
SK0426521817;49.63
SK0426521825;67.84
SK0426521833;7.44
SK0426521841;16.53
SK0426521850;29.18
SK0426521868;33.78
SK0426521876;37.52
SK0426521884;96.39
SK0426521892;100.9
SK0426521906;33.57
SK0426521914;67.81
SK0426521922;27.85
SK0426521931;117.82
SK0426521949;27.18
SK0426521957;82.42
SK0426521965;231.13
SK0426521973;96.58
SK0426521981;30.62
SK0426522007;73.05
SK0426522015;16.88
SK0426522023;15.24
SK0426522031;81.71
SK0426522040;36.48
SK0426522066;55.19
SK0426522074;23.73
SK0426522082;26.92
SK0426522091;46.5
SK0426522104;115.6
SK0426522121;237.41
SK0426522139;519.69
SK0426522147;129.79
SK0426522155;16.18
SK0426522163;338.88
SK0426522171;142.47
SK0426522180;31.98
SK0426522198;109.95
SK0426522201;66.7
SK0426522210;26.4
SK0426522244;23.09
SK0426522252;61.97
SK0426522261;250.28
SK0426559687;111.89
SK0426559784;158.86
SK0426559831;517.9
SK0426559865;349.73
SK0426559873;38.61
SK0426559881;42.94
SK0426580252;49.29
SK0426582093;16.29
SK0426582514;179.66
SK0426599310;29.98
SK0427513857;114.56
SK0427522279;682.93
SK0427522287;80.78
SK0427522295;57.41
SK0427522368;98.36
SK0427522376;75.54
SK0427522392;51.27
SK0427522406;65.47
SK0427522414;70.3
SK0427522431;84.39
SK0427522449;29.23
SK0427522465;35.75
SK0427522481;66.7
SK0427522511;50.29
SK0427522546;51.45
SK0427522562;45.63
SK0427522571;88.96
SK0427522589;46.05
SK0427522597;36.13
SK0427522635;52.52
SK0427522651;135.74
SK0427522686;36.49
SK0427522694;92.38
SK0427522708;224.57
SK0427522724;63.9
SK0427522732;102.02
SK0427522741;74.24
SK0427522759;65.06
SK0427522767;25.2
SK0427522783;132.57
SK0427522791;60.63
SK0427522805;115.33
SK0427522848;44.16
SK0427522864;77.92
SK0427522872;144.26
SK0427522881;35.08
SK0427522902;106.59
SK0427522945;28.96
SK0427522961;72.44
SK0427522988;53.6
SK0427522996;66.89
SK0427523054;38.84
SK0427523062;78.25
SK0427523071;119.73
SK0427523097;42.31
SK0427523101;170.55
SK0427523119;76.99
SK0427523127;31.52
SK0427523135;57.37
SK0427523151;126.23
SK0427523186;168.28
SK0427523194;38.18
SK0427523208;105.95
SK0427523216;119.34
SK0427523241;59.33
SK0427523259;70.61
SK0427523275;46.18
SK0427523283;249.37
SK0427523291;49.95
SK0427523348;88.28
SK0427523356;58.07
SK0427523364;61.99
SK0427523372;66.03
SK0427528137;18.4
SK0427528277;34.19
SK0427528307;63.46
SK0427528331;92.94
SK0427528391;21.79
SK0427528404;46.43
SK0427528463;60.26
SK0427528579;56.98
SK0427528633;15.46
SK0427528692;65.75
SK0427528714;50.65
SK0427543853;291.3
SK0427543870;24.75
SK0427543888;58.87
SK0427543942;85.35
SK0428514578;41.87
SK0428514748;39.03
SK0428525529;377.82
SK0428525537;13.87
SK0428525545;37.45
SK0428525553;39.73
SK0428525561;26.29
SK0428525570;10.84
SK0428525596;18.45
SK0428525600;30.93
SK0428525618;62.18
SK0428525626;48.84
SK0428525634;62.08
SK0428525642;25.85
SK0428525651;99.97
SK0428525669;33.3
SK0428525693;20.6
SK0428525707;21.12
SK0428525715;7.94
SK0428525723;39.67
SK0428525731;40.4
SK0428525740;28.21
SK0428525758;20.15
SK0428525782;30.74
SK0428525821;23.53
SK0428525839;41.14
SK0428525847;32.42
SK0428525855;4.02
SK0428525863;49.64
SK0428525871;121.58
SK0428525898;85.71
SK0428525910;40.6
SK0428525936;11.78
SK0428525952;21.15
SK0428525961;11.8
SK0428526045;64.28
SK0428526053;37.64
SK0428526061;20.56
SK0428526070;56.85
SK0428526088;25.82
SK0428526096;35.49
SK0428526126;83.53
SK0428526134;14.55
SK0428526177;42.07
SK0428526185;76.28
SK0428526193;17.08
SK0428526207;72.06
SK0428526215;93.15
SK0428526223;15.34
SK0428526231;10.32
SK0428526240;7.1
SK0428526266;26.45
SK0428526274;29.24
SK0428526282;117.07
SK0428526291;3.29
SK0428526312;42.74
SK0428526339;20.69
SK0428526347;27.84
SK0428560022;65.79
SK0428560031;48.09
SK0428560049;76.62
SK0428560065;66.98
SK0429522309;35.89
SK0429522317;9.55
SK0429522325;32.94
SK0429522333;16.97
SK0429522341;101.95
SK0429522350;42.19
SK0429522384;49.49
SK0429522422;63.82
SK0429522457;17.89
SK0429522473;49.38
SK0429522490;12.51
SK0429522503;27.21
SK0429522520;18.32
SK0429522538;38.54
SK0429522554;28.2
SK0429522601;51.62
SK0429522627;14.07
SK0429522643;31.37
SK0429522660;49.04
SK0429522678;42.22
SK0429522716;69.86
SK0429522813;46.51
SK0429522821;43.41
SK0429522830;70.82
SK0429522856;28.61
SK0429522899;12.53
SK0429522911;57.89
SK0429522929;19.84
SK0429522937;27.15
SK0429522953;38.56
SK0429522970;22.08
SK0429523003;22.6
SK0429523011;8.86
SK0429523020;36.81
SK0429523038;17.06
SK0429523046;26.33
SK0429523089;551.58
SK0429523143;26.1
SK0429523160;33.62
SK0429523178;51.47
SK0429523224;60.91
SK0429523232;48.07
SK0429523267;31.28
SK0429523305;9.94
SK0429523313;50.85
SK0429523321;73.45
SK0429523330;83.5